threads,tempo,speedup,eficiencia
1,2.586775,1.0244,1.0244
2,1.451933,1.8250,0.9125
4,0.723729,3.6613,0.9153
8,0.906600,2.9228,0.3654
